{
    "NE-COARSE-LIT": {
        "TIME-ALL": {
            "LED-ALL": {
                "PERS": {
                    "partial": {
                        "correct": 105,
                        "incorrect": 0,
                        "partial": 2,
                        "missed": 16,
                        "spurious": 2,
                        "possible": 123,
                        "actual": 109,
                        "TP": 105,
                        "FP": 4,
                        "FN": 18,
                        "P_micro": 0.9724770642201835,
                        "R_micro": 0.8617886178861789,
                        "F1_micro": 0.9137931034482759,
                        "P_macro_doc": 0.9724770642201835,
                        "R_macro_doc": 0.8617886178861789,
                        "F1_macro_doc": 0.9137931034482759,
                        "P_macro_doc_std": 0.0,
                        "R_macro_doc_std": 0.0,
                        "F1_macro_doc_std": 0.0
                    },
                    "strict": {
                        "correct": 104,
                        "incorrect": 3,
                        "partial": 0,
                        "missed": 16,
                        "spurious": 2,
                        "possible": 123,
                        "actual": 109,
                        "TP": 104,
                        "FP": 5,
                        "FN": 19,
                        "P_micro": 0.9541284403669725,
                        "R_micro": 0.8455284552845529,
                        "F1_micro": 0.896551724137931,
                        "P_macro_doc": 0.9541284403669725,
                        "R_macro_doc": 0.8455284552845529,
                        "F1_macro_doc": 0.896551724137931,
                        "P_macro_doc_std": 0.0,
                        "R_macro_doc_std": 0.0,
                        "F1_macro_doc_std": 0.0
                    },
                    "ent_type": {
                        "correct": 105,
                        "incorrect": 2,
                        "partial": 0,
                        "missed": 16,
                        "spurious": 2,
                        "possible": 123,
                        "actual": 109,
                        "TP": 105,
                        "FP": 4,
                        "FN": 18,
                        "P_micro": 0.963302752293578,
                        "R_micro": 0.8536585365853658,
                        "F1_micro": 0.9051724137931033,
                        "P_macro_doc": 0.963302752293578,
                        "R_macro_doc": 0.8536585365853658,
                        "F1_macro_doc": 0.9051724137931033,
                        "P_macro_doc_std": 0.0,
                        "R_macro_doc_std": 0.0,
                        "F1_macro_doc_std": 0.0
                    },
                    "exact": {
                        "correct": 105,
                        "incorrect": 2,
                        "partial": 0,
                        "missed": 16,
                        "spurious": 2,
                        "possible": 123,
                        "actual": 109,
                        "TP": 105,
                        "FP": 4,
                        "FN": 18,
                        "P_micro": 0.963302752293578,
                        "R_micro": 0.8536585365853658,
                        "F1_micro": 0.9051724137931033,
                        "P_macro_doc": 0.963302752293578,
                        "R_macro_doc": 0.8536585365853658,
                        "F1_macro_doc": 0.9051724137931033,
                        "P_macro_doc_std": 0.0,
                        "R_macro_doc_std": 0.0,
                        "F1_macro_doc_std": 0.0
                    }
                },
                "SCOPE": {
                    "partial": {
                        "correct": 146,
                        "incorrect": 0,
                        "partial": 17,
                        "missed": 6,
                        "spurious": 12,
                        "possible": 169,
                        "actual": 175,
                        "TP": 146,
                        "FP": 29,
                        "FN": 23,
                        "P_micro": 0.8828571428571429,
                        "R_micro": 0.9142011834319527,
                        "F1_micro": 0.8982558139534883,
                        "P_macro_doc": 0.8828571428571429,
                        "R_macro_doc": 0.9142011834319527,
                        "F1_macro_doc": 0.8982558139534883,
                        "P_macro_doc_std": 0.0,
                        "R_macro_doc_std": 0.0,
                        "F1_macro_doc_std": 0.0
                    },
                    "strict": {
                        "correct": 146,
                        "incorrect": 17,
                        "partial": 0,
                        "missed": 6,
                        "spurious": 12,
                        "possible": 169,
                        "actual": 175,
                        "TP": 146,
                        "FP": 29,
                        "FN": 23,
                        "P_micro": 0.8342857142857143,
                        "R_micro": 0.863905325443787,
                        "F1_micro": 0.8488372093023255,
                        "P_macro_doc": 0.8342857142857143,
                        "R_macro_doc": 0.863905325443787,
                        "F1_macro_doc": 0.8488372093023255,
                        "P_macro_doc_std": 0.0,
                        "R_macro_doc_std": 0.0,
                        "F1_macro_doc_std": 0.0
                    },
                    "ent_type": {
                        "correct": 161,
                        "incorrect": 2,
                        "partial": 0,
                        "missed": 6,
                        "spurious": 12,
                        "possible": 169,
                        "actual": 175,
                        "TP": 161,
                        "FP": 14,
                        "FN": 8,
                        "P_micro": 0.92,
                        "R_micro": 0.9526627218934911,
                        "F1_micro": 0.936046511627907,
                        "P_macro_doc": 0.92,
                        "R_macro_doc": 0.9526627218934911,
                        "F1_macro_doc": 0.936046511627907,
                        "P_macro_doc_std": 0.0,
                        "R_macro_doc_std": 0.0,
                        "F1_macro_doc_std": 0.0
                    },
                    "exact": {
                        "correct": 146,
                        "incorrect": 17,
                        "partial": 0,
                        "missed": 6,
                        "spurious": 12,
                        "possible": 169,
                        "actual": 175,
                        "TP": 146,
                        "FP": 29,
                        "FN": 23,
                        "P_micro": 0.8342857142857143,
                        "R_micro": 0.863905325443787,
                        "F1_micro": 0.8488372093023255,
                        "P_macro_doc": 0.8342857142857143,
                        "R_macro_doc": 0.863905325443787,
                        "F1_macro_doc": 0.8488372093023255,
                        "P_macro_doc_std": 0.0,
                        "R_macro_doc_std": 0.0,
                        "F1_macro_doc_std": 0.0
                    }
                },
                "WORK": {
                    "partial": {
                        "correct": 85,
                        "incorrect": 0,
                        "partial": 9,
                        "missed": 5,
                        "spurious": 7,
                        "possible": 99,
                        "actual": 101,
                        "TP": 85,
                        "FP": 16,
                        "FN": 14,
                        "P_micro": 0.8861386138613861,