{
    "NE-COARSE-LIT": {
        "TIME-ALL": {
            "LED-ALL": {
                "PERS": {
                    "partial": {
                        "correct": 106,
                        "incorrect": 0,
                        "partial": 3,
                        "missed": 14,
                        "spurious": 4,
                        "possible": 123,
                        "actual": 113,
                        "TP": 106,
                        "FP": 7,
                        "FN": 17,
                        "P_micro": 0.9513274336283186,
                        "R_micro": 0.8739837398373984,
                        "F1_micro": 0.9110169491525425,
                        "P_macro_doc": 0.9513274336283186,
                        "R_macro_doc": 0.8739837398373984,
                        "F1_macro_doc": 0.9110169491525425,
                        "P_macro_doc_std": 0.0,
                        "R_macro_doc_std": 0.0,
                        "F1_macro_doc_std": 0.0
                    },
                    "strict": {
                        "correct": 105,
                        "incorrect": 4,
                        "partial": 0,
                        "missed": 14,
                        "spurious": 4,
                        "possible": 123,
                        "actual": 113,
                        "TP": 105,
                        "FP": 8,
                        "FN": 18,
                        "P_micro": 0.9292035398230089,
                        "R_micro": 0.8536585365853658,
                        "F1_micro": 0.8898305084745762,
                        "P_macro_doc": 0.9292035398230089,
                        "R_macro_doc": 0.8536585365853658,
                        "F1_macro_doc": 0.8898305084745762,
                        "P_macro_doc_std": 0.0,
                        "R_macro_doc_std": 0.0,
                        "F1_macro_doc_std": 0.0
                    },
                    "ent_type": {
                        "correct": 107,
                        "incorrect": 2,
                        "partial": 0,
                        "missed": 14,
                        "spurious": 4,
                        "possible": 123,
                        "actual": 113,
                        "TP": 107,
                        "FP": 6,
                        "FN": 16,
                        "P_micro": 0.9469026548672567,
                        "R_micro": 0.8699186991869918,
                        "F1_micro": 0.9067796610169492,
                        "P_macro_doc": 0.9469026548672567,
                        "R_macro_doc": 0.8699186991869918,
                        "F1_macro_doc": 0.9067796610169492,
                        "P_macro_doc_std": 0.0,
                        "R_macro_doc_std": 0.0,
                        "F1_macro_doc_std": 0.0
                    },
                    "exact": {
                        "correct": 106,
                        "incorrect": 3,
                        "partial": 0,
                        "missed": 14,
                        "spurious": 4,
                        "possible": 123,
                        "actual": 113,
                        "TP": 106,
                        "FP": 7,
                        "FN": 17,
                        "P_micro": 0.9380530973451328,
                        "R_micro": 0.8617886178861789,
                        "F1_micro": 0.8983050847457628,
                        "P_macro_doc": 0.9380530973451328,
                        "R_macro_doc": 0.8617886178861789,
                        "F1_macro_doc": 0.8983050847457628,
                        "P_macro_doc_std": 0.0,
                        "R_macro_doc_std": 0.0,
                        "F1_macro_doc_std": 0.0
                    }
                },
                "SCOPE": {
                    "partial": {
                        "correct": 149,
                        "incorrect": 0,
                        "partial": 18,
                        "missed": 2,
                        "spurious": 15,
                        "possible": 169,
                        "actual": 182,
                        "TP": 149,
                        "FP": 33,
                        "FN": 20,
                        "P_micro": 0.8681318681318682,
                        "R_micro": 0.9349112426035503,
                        "F1_micro": 0.9002849002849004,
                        "P_macro_doc": 0.8681318681318682,
                        "R_macro_doc": 0.9349112426035503,
                        "F1_macro_doc": 0.9002849002849004,
                        "P_macro_doc_std": 0.0,
                        "R_macro_doc_std": 0.0,
                        "F1_macro_doc_std": 0.0
                    },
                    "strict": {
                        "correct": 148,
                        "incorrect": 19,
                        "partial": 0,
                        "missed": 2,
                        "spurious": 15,
                        "possible": 169,
                        "actual": 182,
                        "TP": 148,
                        "FP": 34,
                        "FN": 21,
                        "P_micro": 0.8131868131868132,
                        "R_micro": 0.8757396449704142,
                        "F1_micro": 0.8433048433048432,
                        "P_macro_doc": 0.8131868131868132,
                        "R_macro_doc": 0.8757396449704142,
                        "F1_macro_doc": 0.8433048433048432,
                        "P_macro_doc_std": 0.0,
                        "R_macro_doc_std": 0.0,
                        "F1_macro_doc_std": 0.0
                    },
                    "ent_type": {
                        "correct": 162,
                        "incorrect": 5,
                        "partial": 0,
                        "missed": 2,
                        "spurious": 15,
                        "possible": 169,
                        "actual": 182,
                        "TP": 162,
                        "FP": 20,
                        "FN": 7,
                        "P_micro": 0.8901098901098901,
                        "R_micro": 0.9585798816568047,
                        "F1_micro": 0.923076923076923,
                        "P_macro_doc": 0.8901098901098901,
                        "R_macro_doc": 0.9585798816568047,
                        "F1_macro_doc": 0.923076923076923,
                        "P_macro_doc_std": 0.0,
                        "R_macro_doc_std": 0.0,
                        "F1_macro_doc_std": 0.0
                    },
                    "exact": {
                        "correct": 149,
                        "incorrect": 18,
                        "partial": 0,
                        "missed": 2,
                        "spurious": 15,
                        "possible": 169,
                        "actual": 182,
                        "TP": 149,
                        "FP": 33,
                        "FN": 20,
                        "P_micro": 0.8186813186813187,
                        "R_micro": 0.8816568047337278,
                        "F1_micro": 0.8490028490028488,
                        "P_macro_doc": 0.8186813186813187,
                        "R_macro_doc": 0.8816568047337278,
                        "F1_macro_doc": 0.8490028490028488,
                        "P_macro_doc_std": 0.0,
                        "R_macro_doc_std": 0.0,
                        "F1_macro_doc_std": 0.0
                    }
                },
                "WORK": {
                    "partial": {
                        "correct": 85,
                        "incorrect": 0,
                        "partial": 11,
                        "missed": 3,
                        "spurious": 8,
                        "possible": 99,
                        "actual": 104,
                        "TP": 85,
                        "FP": 19,
                        "FN": 14,